Feature,Value
Intercept,606.332795392157
Coefficient_1,1443.2249837465947
Coefficient_2,83.92344968553643
Coefficient_3,52.50166533203976
Coefficient_4,-79.24962684267753
Coefficient_5,-79.00910285943354
Coefficient_6,120.97630203790766
Coefficient_7,225.75958825014487
Coefficient_8,163.0667612557349
Coefficient_9,-112.9750658477369
