Feature,Value
Intercept,181.09129901960785
Coefficient_1,535.4763174249416
Coefficient_2,-17.6065560695116
Coefficient_3,4.368116422136488
Coefficient_4,-5.6678284315264555
Coefficient_5,-3.4005890769188536
Coefficient_6,9.469397180931303
Coefficient_7,9.456109346981757
Coefficient_8,-7.732430533864345
Coefficient_9,14.478767277126819
Coefficient_10,-4.443474540704018
Coefficient_11,17.47454688335403
Coefficient_12,21.727661795192322
