Feature,Value
Intercept,447.8549207426471
Coefficient_1,4.387566993167122
Coefficient_2,-2.4812279193764155
Coefficient_3,-0.3438097695786855
Coefficient_4,4.298359428215112
Coefficient_5,20.524685097758766
Coefficient_6,11.455654279266138
Coefficient_7,26.384559332349102
Coefficient_8,-1.506462807764523
Coefficient_9,4.818590574540505
Coefficient_10,-2.8106894575977073
Coefficient_11,-7.2055130406062515
